fileId,fileUrls from query AERDT_L2_VIIRS_SNPP--5200 2024-01-01..2024-08-15 x-88y42 x-87.5y41.5[5],size
7908633382,/archive/allData/5200/AERDT_L2_VIIRS_SNPP/2024/001/AERDT_L2_VIIRS_SNPP.A2024001.1718.002.2024002054328.nc,7293210
7908771639,/archive/allData/5200/AERDT_L2_VIIRS_SNPP/2024/001/AERDT_L2_VIIRS_SNPP.A2024001.1854.002.2024002072327.nc,11776137
7910092001,/archive/allData/5200/AERDT_L2_VIIRS_SNPP/2024/002/AERDT_L2_VIIRS_SNPP.A2024002.1700.002.2024003052423.nc,7275953
7910558327,/archive/allData/5200/AERDT_L2_VIIRS_SNPP/2024/002/AERDT_L2_VIIRS_SNPP.A2024002.1836.002.2024003151436.nc,10498965
7912993270,/archive/allData/5200/AERDT_L2_VIIRS_SNPP/2024/004/AERDT_L2_VIIRS_SNPP.A2024004.1800.002.2024005074607.nc,8144498
7913021035,/archive/allData/5200/AERDT_L2_VIIRS_SNPP/2024/004/AERDT_L2_VIIRS_SNPP.A2024004.1942.002.2024005080556.nc,7926094
7911303379,/archive/allData/5200/AERDT_L2_VIIRS_SNPP/2024/003/AERDT_L2_VIIRS_SNPP.A2024003.1818.002.2024004074516.nc,9256167
7911332439,/archive/allData/5200/AERDT_L2_VIIRS_SNPP/2024/003/AERDT_L2_VIIRS_SNPP.A2024003.2000.002.2024004082522.nc,10035243
7908784804,/archive/allData/5200/AERDT_L2_VIIRS_SNPP/2024/001/AERDT_L2_VIIRS_SNPP.A2024001.1900.002.2024002073324.nc,8023652
7914827505,/archive/allData/5200/AERDT_L2_VIIRS_SNPP/2024/005/AERDT_L2_VIIRS_SNPP.A2024005.1742.002.2024006060640.nc,8199431
7916583592,/archive/allData/5200/AERDT_L2_VIIRS_SNPP/2024/006/AERDT_L2_VIIRS_SNPP.A2024006.1724.002.2024007055725.nc,7265215
7914945321,/archive/allData/5200/AERDT_L2_VIIRS_SNPP/2024/005/AERDT_L2_VIIRS_SNPP.A2024005.1924.002.2024006075641.nc,7235456
7929263374,/archive/allData/5200/AERDT_L2_VIIRS_SNPP/2024/012/AERDT_L2_VIIRS_SNPP.A2024012.1712.002.2024013054144.nc,7781636
7918663632,/archive/allData/5200/AERDT_L2_VIIRS_SNPP/2024/007/AERDT_L2_VIIRS_SNPP.A2024007.1706.002.2024008053820.nc,7478406
7918785339,/archive/allData/5200/AERDT_L2_VIIRS_SNPP/2024/007/AERDT_L2_VIIRS_SNPP.A2024007.1842.002.2024008073819.nc,9435143
7918785335,/archive/allData/5200/AERDT_L2_VIIRS_SNPP/2024/007/AERDT_L2_VIIRS_SNPP.A2024007.1848.002.2024008073817.nc,7002112
7920186421,/archive/allData/5200/AERDT_L2_VIIRS_SNPP/2024/008/AERDT_L2_VIIRS_SNPP.A2024008.1824.002.2024009073841.nc,8143316
7925927936,/archive/allData/5200/AERDT_L2_VIIRS_SNPP/2024/011/AERDT_L2_VIIRS_SNPP.A2024011.1906.002.2024012073053.nc,11243854
7925943548,/archive/allData/5200/AERDT_L2_VIIRS_SNPP/2024/011/AERDT_L2_VIIRS_SNPP.A2024011.1912.002.2024012074054.nc,7003027
7916711724,/archive/allData/5200/AERDT_L2_VIIRS_SNPP/2024/006/AERDT_L2_VIIRS_SNPP.A2024006.1900.002.2024007073726.nc,10776844
7916711500,/archive/allData/5200/AERDT_L2_VIIRS_SNPP/2024/006/AERDT_L2_VIIRS_SNPP.A2024006.1906.002.2024007073726.nc,7233433
7923215225,/archive/allData/5200/AERDT_L2_VIIRS_SNPP/2024/010/AERDT_L2_VIIRS_SNPP.A2024010.1748.002.2024011062023.nc,7889535
7923360809,/archive/allData/5200/AERDT_L2_VIIRS_SNPP/2024/010/AERDT_L2_VIIRS_SNPP.A2024010.1930.002.2024011080015.nc,7305016
7925796232,/archive/allData/5200/AERDT_L2_VIIRS_SNPP/2024/011/AERDT_L2_VIIRS_SNPP.A2024011.1730.002.2024012060049.nc,8267184
7929429463,/archive/allData/5200/AERDT_L2_VIIRS_SNPP/2024/012/AERDT_L2_VIIRS_SNPP.A2024012.1848.002.2024013072142.nc,9480106
7929429464,/archive/allData/5200/AERDT_L2_VIIRS_SNPP/2024/012/AERDT_L2_VIIRS_SNPP.A2024012.1854.002.2024013072142.nc,6952773
7931666606,/archive/allData/5200/AERDT_L2_VIIRS_SNPP/2024/013/AERDT_L2_VIIRS_SNPP.A2024013.1654.002.2024014052225.nc,7042751
7931826294,/archive/allData/5200/AERDT_L2_VIIRS_SNPP/2024/013/AERDT_L2_VIIRS_SNPP.A2024013.1830.002.2024014073227.nc,9628118
7935718984,/archive/allData/5200/AERDT_L2_VIIRS_SNPP/2024/016/AERDT_L2_VIIRS_SNPP.A2024016.1736.002.2024017060410.nc,7133308
7934403559,/archive/allData/5200/AERDT_L2_VIIRS_SNPP/2024/015/AERDT_L2_VIIRS_SNPP.A2024015.1754.002.2024016062329.nc,7840975
7934457177,/archive/allData/5200/AERDT_L2_VIIRS_SNPP/2024/015/AERDT_L2_VIIRS_SNPP.A2024015.1936.002.2024016080334.nc,7235999
7935800291,/archive/allData/5200/AERDT_L2_VIIRS_SNPP/2024/016/AERDT_L2_VIIRS_SNPP.A2024016.1918.002.2024017074414.nc,7071649
7937430913,/archive/allData/5200/AERDT_L2_VIIRS_SNPP/2024/017/AERDT_L2_VIIRS_SNPP.A2024017.1718.002.2024018054452.nc,7256214
7933853188,/archive/allData/5200/AERDT_L2_VIIRS_SNPP/2024/014/AERDT_L2_VIIRS_SNPP.A2024014.1812.002.2024015072305.nc,9230605
7937574112,/archive/allData/5200/AERDT_L2_VIIRS_SNPP/2024/017/AERDT_L2_VIIRS_SNPP.A2024017.1854.002.2024018073458.nc,10389949
7933899732,/archive/allData/5200/AERDT_L2_VIIRS_SNPP/2024/014/AERDT_L2_VIIRS_SNPP.A2024014.1954.002.2024015082259.nc,8343409
7937574119,/archive/allData/5200/AERDT_L2_VIIRS_SNPP/2024/017/AERDT_L2_VIIRS_SNPP.A2024017.1900.002.2024018073457.nc,6976324
7940002614,/archive/allData/5200/AERDT_L2_VIIRS_SNPP/2024/018/AERDT_L2_VIIRS_SNPP.A2024018.1836.002.2024019072519.nc,8645485
7939796213,/archive/allData/5200/AERDT_L2_VIIRS_SNPP/2024/018/AERDT_L2_VIIRS_SNPP.A2024018.1700.002.2024019052535.nc,7150009
7947789650,/archive/allData/5200/AERDT_L2_VIIRS_SNPP/2024/022/AERDT_L2_VIIRS_SNPP.A2024022.1724.002.2024023183755.nc,7920504
7942424186,/archive/allData/5200/AERDT_L2_VIIRS_SNPP/2024/019/AERDT_L2_VIIRS_SNPP.A2024019.1818.002.2024020072615.nc,8562308
7942526595,/archive/allData/5200/AERDT_L2_VIIRS_SNPP/2024/019/AERDT_L2_VIIRS_SNPP.A2024019.2000.002.2024020082604.nc,8336061
7945862807,/archive/allData/5200/AERDT_L2_VIIRS_SNPP/2024/021/AERDT_L2_VIIRS_SNPP.A2024021.1742.002.2024022060719.nc,7673591
7945956704,/archive/allData/5200/AERDT_L2_VIIRS_SNPP/2024/021/AERDT_L2_VIIRS_SNPP.A2024021.1924.002.2024022075725.nc,6955283
7945062353,/archive/allData/5200/AERDT_L2_VIIRS_SNPP/2024/020/AERDT_L2_VIIRS_SNPP.A2024020.1800.002.2024021151707.nc,8271059
7945062344,/archive/allData/5200/AERDT_L2_VIIRS_SNPP/2024/020/AERDT_L2_VIIRS_SNPP.A2024020.1942.002.2024021151701.nc,7619319
7947790338,/archive/allData/5200/AERDT_L2_VIIRS_SNPP/2024/022/AERDT_L2_VIIRS_SNPP.A2024022.1900.002.2024023183821.nc,8537286
7947790337,/archive/allData/5200/AERDT_L2_VIIRS_SNPP/2024/022/AERDT_L2_VIIRS_SNPP.A2024022.1906.002.2024023183823.nc,7036312
7948525540,/archive/allData/5200/AERDT_L2_VIIRS_SNPP/2024/023/AERDT_L2_VIIRS_SNPP.A2024023.1706.002.2024024053756.nc,7331872
7948635348,/archive/allData/5200/AERDT_L2_VIIRS_SNPP/2024/023/AERDT_L2_VIIRS_SNPP.A2024023.1842.002.2024024074756.nc,7909956
7948635352,/archive/allData/5200/AERDT_L2_VIIRS_SNPP/2024/023/AERDT_L2_VIIRS_SNPP.A2024023.1848.002.2024024074756.nc,7026108
7950401653,/archive/allData/5200/AERDT_L2_VIIRS_SNPP/2024/024/AERDT_L2_VIIRS_SNPP.A2024024.1824.002.2024025074902.nc,8270694
7955617885,/archive/allData/5200/AERDT_L2_VIIRS_SNPP/2024/026/AERDT_L2_VIIRS_SNPP.A2024026.1748.002.2024027144018.nc,7494544
7952615602,/archive/allData/5200/AERDT_L2_VIIRS_SNPP/2024/025/AERDT_L2_VIIRS_SNPP.A2024025.1806.002.2024026073946.nc,7690542
7952659981,/archive/allData/5200/AERDT_L2_VIIRS_SNPP/2024/025/AERDT_L2_VIIRS_SNPP.A2024025.1948.002.2024026083003.nc,7962698
7955617523,/archive/allData/5200/AERDT_L2_VIIRS_SNPP/2024/026/AERDT_L2_VIIRS_SNPP.A2024026.1930.002.2024027144009.nc,7712597
7958147446,/archive/allData/5200/AERDT_L2_VIIRS_SNPP/2024/028/AERDT_L2_VIIRS_SNPP.A2024028.1712.002.2024029054121.nc,7243548
7957190953,/archive/allData/5200/AERDT_L2_VIIRS_SNPP/2024/027/AERDT_L2_VIIRS_SNPP.A2024027.1730.002.2024028120042.nc,7169846
7957190992,/archive/allData/5200/AERDT_L2_VIIRS_SNPP/2024/027/AERDT_L2_VIIRS_SNPP.A2024027.1906.002.2024028120036.nc,12040234
7957190978,/archive/allData/5200/AERDT_L2_VIIRS_SNPP/2024/027/AERDT_L2_VIIRS_SNPP.A2024027.1912.002.2024028120038.nc,7525861
7958283374,/archive/allData/5200/AERDT_L2_VIIRS_SNPP/2024/028/AERDT_L2_VIIRS_SNPP.A2024028.1848.002.2024029073114.nc,11659372
7958284526,/archive/allData/5200/AERDT_L2_VIIRS_SNPP/2024/028/AERDT_L2_VIIRS_SNPP.A2024028.1854.002.2024029073114.nc,7504309
7959793092,/archive/allData/5200/AERDT_L2_VIIRS_SNPP/2024/029/AERDT_L2_VIIRS_SNPP.A2024029.1830.002.2024030074612.nc,11055228
7961801165,/archive/allData/5200/AERDT_L2_VIIRS_SNPP/2024/030/AERDT_L2_VIIRS_SNPP.A2024030.1812.002.2024031073207.nc,9871074
7959660989,/archive/allData/5200/AERDT_L2_VIIRS_SNPP/2024/029/AERDT_L2_VIIRS_SNPP.A2024029.1654.002.2024030060809.nc,7150284
7963873343,/archive/allData/5200/AERDT_L2_VIIRS_SNPP/2024/031/AERDT_L2_VIIRS_SNPP.A2024031.1936.002.2024032081244.nc,10188553
7961881257,/archive/allData/5200/AERDT_L2_VIIRS_SNPP/2024/030/AERDT_L2_VIIRS_SNPP.A2024030.1954.002.2024031082218.nc,11243393
7971780289,/archive/allData/5200/AERDT_L2_VIIRS_SNPP/2024/031/AERDT_L2_VIIRS_SNPP.A2024031.1754.002.2024036182531.nc,8202973
7967164910,/archive/allData/5200/AERDT_L2_VIIRS_SNPP/2024/033/AERDT_L2_VIIRS_SNPP.A2024033.1854.002.2024034073400.nc,12311691
7965423243,/archive/allData/5200/AERDT_L2_VIIRS_SNPP/2024/032/AERDT_L2_VIIRS_SNPP.A2024032.1736.002.2024033060313.nc,8410798
7965505696,/archive/allData/5200/AERDT_L2_VIIRS_SNPP/2024/032/AERDT_L2_VIIRS_SNPP.A2024032.1918.002.2024033074327.nc,9194280
7967164902,/archive/allData/5200/AERDT_L2_VIIRS_SNPP/2024/033/AERDT_L2_VIIRS_SNPP.A2024033.1900.002.2024034073402.nc,8045155
7970280670,/archive/allData/5200/AERDT_L2_VIIRS_SNPP/2024/034/AERDT_L2_VIIRS_SNPP.A2024034.1700.002.2024035225459.nc,7558153
7967088802,/archive/allData/5200/AERDT_L2_VIIRS_SNPP/2024/033/AERDT_L2_VIIRS_SNPP.A2024033.1718.002.2024034054407.nc,7135894
7970281156,/archive/allData/5200/AERDT_L2_VIIRS_SNPP/2024/034/AERDT_L2_VIIRS_SNPP.A2024034.1836.002.2024035225509.nc,11553622
7971027557,/archive/allData/5200/AERDT_L2_VIIRS_SNPP/2024/035/AERDT_L2_VIIRS_SNPP.A2024035.2000.002.2024036082514.nc,9093858
7974283434,/archive/allData/5200/AERDT_L2_VIIRS_SNPP/2024/037/AERDT_L2_VIIRS_SNPP.A2024037.1742.002.2024038061229.nc,9011629
7970928319,/archive/allData/5200/AERDT_L2_VIIRS_SNPP/2024/035/AERDT_L2_VIIRS_SNPP.A2024035.1818.002.2024036071519.nc,9972478
7972686580,/archive/allData/5200/AERDT_L2_VIIRS_SNPP/2024/036/AERDT_L2_VIIRS_SNPP.A2024036.1800.002.2024037072545.nc,9557237
7972733903,/archive/allData/5200/AERDT_L2_VIIRS_SNPP/2024/036/AERDT_L2_VIIRS_SNPP.A2024036.1942.002.2024037080552.nc,9514131
7974442143,/archive/allData/5200/AERDT_L2_VIIRS_SNPP/2024/037/AERDT_L2_VIIRS_SNPP.A2024037.1924.002.2024038081211.nc,7900915
7976423007,/archive/allData/5200/AERDT_L2_VIIRS_SNPP/2024/038/AERDT_L2_VIIRS_SNPP.A2024038.1724.002.2024039060106.nc,8108836
7994119103,/archive/allData/5200/AERDT_L2_VIIRS_SNPP/2024/044/AERDT_L2_VIIRS_SNPP.A2024044.1848.002.2024045072615.nc,12331167
7976546948,/archive/allData/5200/AERDT_L2_VIIRS_SNPP/2024/038/AERDT_L2_VIIRS_SNPP.A2024038.1900.002.2024039073105.nc,12822209
7976546939,/archive/allData/5200/AERDT_L2_VIIRS_SNPP/2024/038/AERDT_L2_VIIRS_SNPP.A2024038.1906.002.2024039073107.nc,7164885
7978447029,/archive/allData/5200/AERDT_L2_VIIRS_SNPP/2024/039/AERDT_L2_VIIRS_SNPP.A2024039.1706.002.2024040053225.nc,8092625
7978663278,/archive/allData/5200/AERDT_L2_VIIRS_SNPP/2024/039/AERDT_L2_VIIRS_SNPP.A2024039.1842.002.2024040074237.nc,10964164
7978663286,/archive/allData/5200/AERDT_L2_VIIRS_SNPP/2024/039/AERDT_L2_VIIRS_SNPP.A2024039.1848.002.2024040074236.nc,7141874
7987643492,/archive/allData/5200/AERDT_L2_VIIRS_SNPP/2024/042/AERDT_L2_VIIRS_SNPP.A2024042.1930.002.2024043075441.nc,8734998
7981670107,/archive/allData/5200/AERDT_L2_VIIRS_SNPP/2024/040/AERDT_L2_VIIRS_SNPP.A2024040.1824.002.2024041073329.nc,9238263
7984390382,/archive/allData/5200/AERDT_L2_VIIRS_SNPP/2024/041/AERDT_L2_VIIRS_SNPP.A2024041.1806.002.2024042073359.nc,8299946
7984451046,/archive/allData/5200/AERDT_L2_VIIRS_SNPP/2024/041/AERDT_L2_VIIRS_SNPP.A2024041.1948.002.2024042081401.nc,8126075
7987479685,/archive/allData/5200/AERDT_L2_VIIRS_SNPP/2024/042/AERDT_L2_VIIRS_SNPP.A2024042.1748.002.2024043061440.nc,7893995
7990654059,/archive/allData/5200/AERDT_L2_VIIRS_SNPP/2024/043/AERDT_L2_VIIRS_SNPP.A2024043.1730.002.2024044055517.nc,8462717
7990831005,/archive/allData/5200/AERDT_L2_VIIRS_SNPP/2024/043/AERDT_L2_VIIRS_SNPP.A2024043.1906.002.2024044073525.nc,11742358
7990831003,/archive/allData/5200/AERDT_L2_VIIRS_SNPP/2024/043/AERDT_L2_VIIRS_SNPP.A2024043.1912.002.2024044073527.nc,8399608
7994119107,/archive/allData/5200/AERDT_L2_VIIRS_SNPP/2024/044/AERDT_L2_VIIRS_SNPP.A2024044.1854.002.2024045072616.nc,7349357
7997504319,/archive/allData/5200/AERDT_L2_VIIRS_SNPP/2024/045/AERDT_L2_VIIRS_SNPP.A2024045.1654.002.2024046051640.nc,7295993
7993931139,/archive/allData/5200/AERDT_L2_VIIRS_SNPP/2024/044/AERDT_L2_VIIRS_SNPP.A2024044.1712.002.2024045053613.nc,7560998
7997814802,/archive/allData/5200/AERDT_L2_VIIRS_SNPP/2024/045/AERDT_L2_VIIRS_SNPP.A2024045.1830.002.2024046072659.nc,12860367
8001331951,/archive/allData/5200/AERDT_L2_VIIRS_SNPP/2024/046/AERDT_L2_VIIRS_SNPP.A2024046.1812.002.2024047072726.nc,10796861
8001419120,/archive/allData/5200/AERDT_L2_VIIRS_SNPP/2024/046/AERDT_L2_VIIRS_SNPP.A2024046.1954.002.2024047081731.nc,9923181
8005081891,/archive/allData/5200/AERDT_L2_VIIRS_SNPP/2024/047/AERDT_L2_VIIRS_SNPP.A2024047.1754.002.2024048061810.nc,7696953
8005312644,/archive/allData/5200/AERDT_L2_VIIRS_SNPP/2024/047/AERDT_L2_VIIRS_SNPP.A2024047.1936.002.2024048075813.nc,7719379
8012528653,/archive/allData/5200/AERDT_L2_VIIRS_SNPP/2024/049/AERDT_L2_VIIRS_SNPP.A2024049.1854.002.2024050072938.nc,11284748
8008925557,/archive/allData/5200/AERDT_L2_VIIRS_SNPP/2024/048/AERDT_L2_VIIRS_SNPP.A2024048.1736.002.2024049055845.nc,7397933
8009101791,/archive/allData/5200/AERDT_L2_VIIRS_SNPP/2024/048/AERDT_L2_VIIRS_SNPP.A2024048.1918.002.2024049073853.nc,7924712
8012528510,/archive/allData/5200/AERDT_L2_VIIRS_SNPP/2024/049/AERDT_L2_VIIRS_SNPP.A2024049.1900.002.2024050072936.nc,7539285
8019667363,/archive/allData/5200/AERDT_L2_VIIRS_SNPP/2024/051/AERDT_L2_VIIRS_SNPP.A2024051.1818.002.2024052073101.nc,12612144
8012311509,/archive/allData/5200/AERDT_L2_VIIRS_SNPP/2024/049/AERDT_L2_VIIRS_SNPP.A2024049.1718.002.2024050053920.nc,7519231
8018392226,/archive/allData/5200/AERDT_L2_VIIRS_SNPP/2024/050/AERDT_L2_VIIRS_SNPP.A2024050.1700.002.2024051132144.nc,7264901
8018417111,/archive/allData/5200/AERDT_L2_VIIRS_SNPP/2024/050/AERDT_L2_VIIRS_SNPP.A2024050.1836.002.2024051133050.nc,12900267
8019740336,/archive/allData/5200/AERDT_L2_VIIRS_SNPP/2024/051/AERDT_L2_VIIRS_SNPP.A2024051.2000.002.2024052082056.nc,10887972
8026514635,/archive/allData/5200/AERDT_L2_VIIRS_SNPP/2024/053/AERDT_L2_VIIRS_SNPP.A2024053.1924.002.2024054075442.nc,9615344
8022962802,/archive/allData/5200/AERDT_L2_VIIRS_SNPP/2024/052/AERDT_L2_VIIRS_SNPP.A2024052.1800.002.2024053074009.nc,9819039
8023032066,/archive/allData/5200/AERDT_L2_VIIRS_SNPP/2024/052/AERDT_L2_VIIRS_SNPP.A2024052.1942.002.2024053082018.nc,8708360
8029352638,/archive/allData/5200/AERDT_L2_VIIRS_SNPP/2024/054/AERDT_L2_VIIRS_SNPP.A2024054.1724.002.2024055055515.nc,7959768
8026360114,/archive/allData/5200/AERDT_L2_VIIRS_SNPP/2024/053/AERDT_L2_VIIRS_SNPP.A2024053.1742.002.2024054061435.nc,8102366
8029596294,/archive/allData/5200/AERDT_L2_VIIRS_SNPP/2024/054/AERDT_L2_VIIRS_SNPP.A2024054.1900.002.2024055073530.nc,13857365
8029597645,/archive/allData/5200/AERDT_L2_VIIRS_SNPP/2024/054/AERDT_L2_VIIRS_SNPP.A2024054.1906.002.2024055073532.nc,8438628
8036560751,/archive/allData/5200/AERDT_L2_VIIRS_SNPP/2024/056/AERDT_L2_VIIRS_SNPP.A2024056.1824.002.2024057073701.nc,14258471
8032915555,/archive/allData/5200/AERDT_L2_VIIRS_SNPP/2024/055/AERDT_L2_VIIRS_SNPP.A2024055.1842.002.2024056073616.nc,15154412
8032915339,/archive/allData/5200/AERDT_L2_VIIRS_SNPP/2024/055/AERDT_L2_VIIRS_SNPP.A2024055.1848.002.2024056073618.nc,7731277
8032704878,/archive/allData/5200/AERDT_L2_VIIRS_SNPP/2024/055/AERDT_L2_VIIRS_SNPP.A2024055.1706.002.2024056053602.nc,7898849
8048953367,/archive/allData/5200/AERDT_L2_VIIRS_SNPP/2024/060/AERDT_L2_VIIRS_SNPP.A2024060.1712.002.2024061054823.nc,7321299
8044802889,/archive/allData/5200/AERDT_L2_VIIRS_SNPP/2024/059/AERDT_L2_VIIRS_SNPP.A2024059.1730.002.2024060060625.nc,7691246
8044999138,/archive/allData/5200/AERDT_L2_VIIRS_SNPP/2024/059/AERDT_L2_VIIRS_SNPP.A2024059.1906.002.2024060074629.nc,11637522
8044992392,/archive/allData/5200/AERDT_L2_VIIRS_SNPP/2024/059/AERDT_L2_VIIRS_SNPP.A2024059.1912.002.2024060074629.nc,8219944
8040017357,/archive/allData/5200/AERDT_L2_VIIRS_SNPP/2024/057/AERDT_L2_VIIRS_SNPP.A2024057.1806.002.2024058073424.nc,12577947
8040084567,/archive/allData/5200/AERDT_L2_VIIRS_SNPP/2024/057/AERDT_L2_VIIRS_SNPP.A2024057.1948.002.2024058082435.nc,9562570
8042111993,/archive/allData/5200/AERDT_L2_VIIRS_SNPP/2024/058/AERDT_L2_VIIRS_SNPP.A2024058.1748.002.2024059062519.nc,9812285
8042299389,/archive/allData/5200/AERDT_L2_VIIRS_SNPP/2024/058/AERDT_L2_VIIRS_SNPP.A2024058.1930.002.2024059080537.nc,8406650
8049155861,/archive/allData/5200/AERDT_L2_VIIRS_SNPP/2024/060/AERDT_L2_VIIRS_SNPP.A2024060.1848.002.2024061073834.nc,10616201
8049156067,/archive/allData/5200/AERDT_L2_VIIRS_SNPP/2024/060/AERDT_L2_VIIRS_SNPP.A2024060.1854.002.2024061073833.nc,7562051
8053289509,/archive/allData/5200/AERDT_L2_VIIRS_SNPP/2024/061/AERDT_L2_VIIRS_SNPP.A2024061.1830.002.2024062072959.nc,10544427
8057042882,/archive/allData/5200/AERDT_L2_VIIRS_SNPP/2024/062/AERDT_L2_VIIRS_SNPP.A2024062.1812.002.2024063072701.nc,9031864
8057094340,/archive/allData/5200/AERDT_L2_VIIRS_SNPP/2024/062/AERDT_L2_VIIRS_SNPP.A2024062.1954.002.2024063081705.nc,9719885
8060156229,/archive/allData/5200/AERDT_L2_VIIRS_SNPP/2024/063/AERDT_L2_VIIRS_SNPP.A2024063.1936.002.2024064080737.nc,9015428
8062961317,/archive/allData/5200/AERDT_L2_VIIRS_SNPP/2024/064/AERDT_L2_VIIRS_SNPP.A2024064.1736.002.2024065060818.nc,9192457
8060011562,/archive/allData/5200/AERDT_L2_VIIRS_SNPP/2024/063/AERDT_L2_VIIRS_SNPP.A2024063.1754.002.2024064061745.nc,9045844
8063077178,/archive/allData/5200/AERDT_L2_VIIRS_SNPP/2024/064/AERDT_L2_VIIRS_SNPP.A2024064.1912.002.2024065073845.nc,11540681
8063088908,/archive/allData/5200/AERDT_L2_VIIRS_SNPP/2024/064/AERDT_L2_VIIRS_SNPP.A2024064.1918.002.2024065074824.nc,8190515
8067486739,/archive/allData/5200/AERDT_L2_VIIRS_SNPP/2024/065/AERDT_L2_VIIRS_SNPP.A2024065.1718.002.2024066053901.nc,7668611
8070746562,/archive/allData/5200/AERDT_L2_VIIRS_SNPP/2024/066/AERDT_L2_VIIRS_SNPP.A2024066.1700.002.2024067052939.nc,7296094
8067491843,/archive/allData/5200/AERDT_L2_VIIRS_SNPP/2024/065/AERDT_L2_VIIRS_SNPP.A2024065.1854.002.2024066072900.nc,10755424
8067492058,/archive/allData/5200/AERDT_L2_VIIRS_SNPP/2024/065/AERDT_L2_VIIRS_SNPP.A2024065.1900.002.2024066072901.nc,7785935
8071035873,/archive/allData/5200/AERDT_L2_VIIRS_SNPP/2024/066/AERDT_L2_VIIRS_SNPP.A2024066.1836.002.2024067072948.nc,10692158
8077235482,/archive/allData/5200/AERDT_L2_VIIRS_SNPP/2024/067/AERDT_L2_VIIRS_SNPP.A2024067.1818.002.2024068231054.nc,9437855
8077338180,/archive/allData/5200/AERDT_L2_VIIRS_SNPP/2024/067/AERDT_L2_VIIRS_SNPP.A2024067.2000.002.2024068235048.nc,8838113
8078160129,/archive/allData/5200/AERDT_L2_VIIRS_SNPP/2024/068/AERDT_L2_VIIRS_SNPP.A2024068.1800.002.2024069074108.nc,8757234
8078198824,/archive/allData/5200/AERDT_L2_VIIRS_SNPP/2024/068/AERDT_L2_VIIRS_SNPP.A2024068.1942.002.2024069081058.nc,9084542
8082418666,/archive/allData/5200/AERDT_L2_VIIRS_SNPP/2024/070/AERDT_L2_VIIRS_SNPP.A2024070.1724.002.2024071060224.nc,7627202
8080829683,/archive/allData/5200/AERDT_L2_VIIRS_SNPP/2024/069/AERDT_L2_VIIRS_SNPP.A2024069.1742.002.2024070100154.nc,7910566
8080829694,/archive/allData/5200/AERDT_L2_VIIRS_SNPP/2024/069/AERDT_L2_VIIRS_SNPP.A2024069.1924.002.2024070100154.nc,9229514
8082468207,/archive/allData/5200/AERDT_L2_VIIRS_SNPP/2024/070/AERDT_L2_VIIRS_SNPP.A2024070.1900.002.2024071073232.nc,12908681
8082468218,/archive/allData/5200/AERDT_L2_VIIRS_SNPP/2024/070/AERDT_L2_VIIRS_SNPP.A2024070.1906.002.2024071073231.nc,8713397
8084813656,/archive/allData/5200/AERDT_L2_VIIRS_SNPP/2024/071/AERDT_L2_VIIRS_SNPP.A2024071.1706.002.2024072054311.nc,7658636
8084986836,/archive/allData/5200/AERDT_L2_VIIRS_SNPP/2024/071/AERDT_L2_VIIRS_SNPP.A2024071.1842.002.2024072074308.nc,14135825
8084986835,/archive/allData/5200/AERDT_L2_VIIRS_SNPP/2024/071/AERDT_L2_VIIRS_SNPP.A2024071.1848.002.2024072074308.nc,7814693
8096311230,/archive/allData/5200/AERDT_L2_VIIRS_SNPP/2024/075/AERDT_L2_VIIRS_SNPP.A2024075.1730.002.2024076060552.nc,7868422
8091060227,/archive/allData/5200/AERDT_L2_VIIRS_SNPP/2024/073/AERDT_L2_VIIRS_SNPP.A2024073.1806.002.2024074073451.nc,12254327
8091126818,/archive/allData/5200/AERDT_L2_VIIRS_SNPP/2024/073/AERDT_L2_VIIRS_SNPP.A2024073.1948.002.2024074082449.nc,8963957
8087987648,/archive/allData/5200/AERDT_L2_VIIRS_SNPP/2024/072/AERDT_L2_VIIRS_SNPP.A2024072.1824.002.2024073072344.nc,14186202
8093654928,/archive/allData/5200/AERDT_L2_VIIRS_SNPP/2024/074/AERDT_L2_VIIRS_SNPP.A2024074.1748.002.2024075062510.nc,9926051
8093785266,/archive/allData/5200/AERDT_L2_VIIRS_SNPP/2024/074/AERDT_L2_VIIRS_SNPP.A2024074.1930.002.2024075080515.nc,8439424
8096335068,/archive/allData/5200/AERDT_L2_VIIRS_SNPP/2024/075/AERDT_L2_VIIRS_SNPP.A2024075.1906.002.2024076074553.nc,11070123
8096335050,/archive/allData/5200/AERDT_L2_VIIRS_SNPP/2024/075/AERDT_L2_VIIRS_SNPP.A2024075.1912.002.2024076074555.nc,9293575
8099989937,/archive/allData/5200/AERDT_L2_VIIRS_SNPP/2024/076/AERDT_L2_VIIRS_SNPP.A2024076.1712.002.2024077054635.nc,8090514
8100139584,/archive/allData/5200/AERDT_L2_VIIRS_SNPP/2024/076/AERDT_L2_VIIRS_SNPP.A2024076.1848.002.2024077074636.nc,11879583
8100139591,/archive/allData/5200/AERDT_L2_VIIRS_SNPP/2024/076/AERDT_L2_VIIRS_SNPP.A2024076.1854.002.2024077074637.nc,7814165
8101583775,/archive/allData/5200/AERDT_L2_VIIRS_SNPP/2024/077/AERDT_L2_VIIRS_SNPP.A2024077.1654.002.2024078052707.nc,7638503
8101741804,/archive/allData/5200/AERDT_L2_VIIRS_SNPP/2024/077/AERDT_L2_VIIRS_SNPP.A2024077.1830.002.2024078073723.nc,10729234
8109859861,/archive/allData/5200/AERDT_L2_VIIRS_SNPP/2024/080/AERDT_L2_VIIRS_SNPP.A2024080.1918.002.2024081213820.nc,9499946
8106434722,/archive/allData/5200/AERDT_L2_VIIRS_SNPP/2024/079/AERDT_L2_VIIRS_SNPP.A2024079.1936.002.2024080080559.nc,11173761
8103635768,/archive/allData/5200/AERDT_L2_VIIRS_SNPP/2024/078/AERDT_L2_VIIRS_SNPP.A2024078.1812.002.2024079073455.nc,10426073
8103657219,/archive/allData/5200/AERDT_L2_VIIRS_SNPP/2024/078/AERDT_L2_VIIRS_SNPP.A2024078.1954.002.2024079082457.nc,13089979
8106241632,/archive/allData/5200/AERDT_L2_VIIRS_SNPP/2024/079/AERDT_L2_VIIRS_SNPP.A2024079.1754.002.2024080062550.nc,10052308
8114981989,/archive/allData/5200/AERDT_L2_VIIRS_SNPP/2024/083/AERDT_L2_VIIRS_SNPP.A2024083.1818.002.2024084073918.nc,9660655
8109860419,/archive/allData/5200/AERDT_L2_VIIRS_SNPP/2024/080/AERDT_L2_VIIRS_SNPP.A2024080.1736.002.2024081213902.nc,9510911
8110694667,/archive/allData/5200/AERDT_L2_VIIRS_SNPP/2024/081/AERDT_L2_VIIRS_SNPP.A2024081.1718.002.2024082055708.nc,8625878
8110829379,/archive/allData/5200/AERDT_L2_VIIRS_SNPP/2024/081/AERDT_L2_VIIRS_SNPP.A2024081.1854.002.2024082073729.nc,12927287
8110829294,/archive/allData/5200/AERDT_L2_VIIRS_SNPP/2024/081/AERDT_L2_VIIRS_SNPP.A2024081.1900.002.2024082073731.nc,7947411
8113141312,/archive/allData/5200/AERDT_L2_VIIRS_SNPP/2024/082/AERDT_L2_VIIRS_SNPP.A2024082.1700.002.2024083053810.nc,8181798
8113300060,/archive/allData/5200/AERDT_L2_VIIRS_SNPP/2024/082/AERDT_L2_VIIRS_SNPP.A2024082.1836.002.2024083073824.nc,9421021
8115070471,/archive/allData/5200/AERDT_L2_VIIRS_SNPP/2024/083/AERDT_L2_VIIRS_SNPP.A2024083.2000.002.2024084083858.nc,9228410
8120881041,/archive/allData/5200/AERDT_L2_VIIRS_SNPP/2024/087/AERDT_L2_VIIRS_SNPP.A2024087.1706.002.2024088054232.nc,7593400
8117951668,/archive/allData/5200/AERDT_L2_VIIRS_SNPP/2024/085/AERDT_L2_VIIRS_SNPP.A2024085.1742.002.2024086061130.nc,8376336
8116575093,/archive/allData/5200/AERDT_L2_VIIRS_SNPP/2024/084/AERDT_L2_VIIRS_SNPP.A2024084.1800.002.2024085072945.nc,9565925
8116614680,/archive/allData/5200/AERDT_L2_VIIRS_SNPP/2024/084/AERDT_L2_VIIRS_SNPP.A2024084.1942.002.2024085080950.nc,8065468
8118030554,/archive/allData/5200/AERDT_L2_VIIRS_SNPP/2024/085/AERDT_L2_VIIRS_SNPP.A2024085.1924.002.2024086080154.nc,7590169
8119358712,/archive/allData/5200/AERDT_L2_VIIRS_SNPP/2024/086/AERDT_L2_VIIRS_SNPP.A2024086.1724.002.2024087060218.nc,7510864
8119436449,/archive/allData/5200/AERDT_L2_VIIRS_SNPP/2024/086/AERDT_L2_VIIRS_SNPP.A2024086.1900.002.2024087072231.nc,12867095
8119468975,/archive/allData/5200/AERDT_L2_VIIRS_SNPP/2024/086/AERDT_L2_VIIRS_SNPP.A2024086.1906.002.2024087074229.nc,7670925
8121003142,/archive/allData/5200/AERDT_L2_VIIRS_SNPP/2024/087/AERDT_L2_VIIRS_SNPP.A2024087.1842.002.2024088073245.nc,10927886
8121003139,/archive/allData/5200/AERDT_L2_VIIRS_SNPP/2024/087/AERDT_L2_VIIRS_SNPP.A2024087.1848.002.2024088073246.nc,7550712
8123057323,/archive/allData/5200/AERDT_L2_VIIRS_SNPP/2024/088/AERDT_L2_VIIRS_SNPP.A2024088.1824.002.2024089072837.nc,12061542
8125014651,/archive/allData/5200/AERDT_L2_VIIRS_SNPP/2024/089/AERDT_L2_VIIRS_SNPP.A2024089.1806.002.2024090072947.nc,11156148
8126349992,/archive/allData/5200/AERDT_L2_VIIRS_SNPP/2024/090/AERDT_L2_VIIRS_SNPP.A2024090.1748.002.2024091061023.nc,10097599
8125065095,/archive/allData/5200/AERDT_L2_VIIRS_SNPP/2024/089/AERDT_L2_VIIRS_SNPP.A2024089.1948.002.2024090080939.nc,9377859
8126456878,/archive/allData/5200/AERDT_L2_VIIRS_SNPP/2024/090/AERDT_L2_VIIRS_SNPP.A2024090.1930.002.2024091075026.nc,8690879
8127638519,/archive/allData/5200/AERDT_L2_VIIRS_SNPP/2024/091/AERDT_L2_VIIRS_SNPP.A2024091.1730.002.2024092055050.nc,8837700
8127691483,/archive/allData/5200/AERDT_L2_VIIRS_SNPP/2024/091/AERDT_L2_VIIRS_SNPP.A2024091.1906.002.2024092074105.nc,11993496
8132472914,/archive/allData/5200/AERDT_L2_VIIRS_SNPP/2024/094/AERDT_L2_VIIRS_SNPP.A2024094.1812.002.2024095074513.nc,9349043
8127703700,/archive/allData/5200/AERDT_L2_VIIRS_SNPP/2024/091/AERDT_L2_VIIRS_SNPP.A2024091.1912.002.2024092075054.nc,7946611
8128623500,/archive/allData/5200/AERDT_L2_VIIRS_SNPP/2024/092/AERDT_L2_VIIRS_SNPP.A2024092.1712.002.2024093054151.nc,8722654
8128688284,/archive/allData/5200/AERDT_L2_VIIRS_SNPP/2024/092/AERDT_L2_VIIRS_SNPP.A2024092.1848.002.2024093074154.nc,10065349
8128688285,/archive/allData/5200/AERDT_L2_VIIRS_SNPP/2024/092/AERDT_L2_VIIRS_SNPP.A2024092.1854.002.2024093074155.nc,8347429
8132491543,/archive/allData/5200/AERDT_L2_VIIRS_SNPP/2024/094/AERDT_L2_VIIRS_SNPP.A2024094.1954.002.2024095083508.nc,11941735
8130286348,/archive/allData/5200/AERDT_L2_VIIRS_SNPP/2024/093/AERDT_L2_VIIRS_SNPP.A2024093.1654.002.2024094053359.nc,8873158
8130429435,/archive/allData/5200/AERDT_L2_VIIRS_SNPP/2024/093/AERDT_L2_VIIRS_SNPP.A2024093.1830.002.2024094074414.nc,10200159
8135774530,/archive/allData/5200/AERDT_L2_VIIRS_SNPP/2024/096/AERDT_L2_VIIRS_SNPP.A2024096.1736.002.2024097061700.nc,8531276
8135793170,/archive/allData/5200/AERDT_L2_VIIRS_SNPP/2024/096/AERDT_L2_VIIRS_SNPP.A2024096.1918.002.2024097075656.nc,9035345
8134402280,/archive/allData/5200/AERDT_L2_VIIRS_SNPP/2024/095/AERDT_L2_VIIRS_SNPP.A2024095.1754.002.2024096063556.nc,8993621
8134420815,/archive/allData/5200/AERDT_L2_VIIRS_SNPP/2024/095/AERDT_L2_VIIRS_SNPP.A2024095.1936.002.2024096081605.nc,9798666
8139358664,/archive/allData/5200/AERDT_L2_VIIRS_SNPP/2024/098/AERDT_L2_VIIRS_SNPP.A2024098.1836.002.2024099074842.nc,13219641
8138530840,/archive/allData/5200/AERDT_L2_VIIRS_SNPP/2024/097/AERDT_L2_VIIRS_SNPP.A2024097.1718.002.2024098103813.nc,8274251
8138530835,/archive/allData/5200/AERDT_L2_VIIRS_SNPP/2024/097/AERDT_L2_VIIRS_SNPP.A2024097.1854.002.2024098103811.nc,13937010
8138530856,/archive/allData/5200/AERDT_L2_VIIRS_SNPP/2024/097/AERDT_L2_VIIRS_SNPP.A2024097.1900.002.2024098103811.nc,9302371
8139358653,/archive/allData/5200/AERDT_L2_VIIRS_SNPP/2024/098/AERDT_L2_VIIRS_SNPP.A2024098.1842.002.2024099074844.nc,8084622
8146550381,/archive/allData/5200/AERDT_L2_VIIRS_SNPP/2024/102/AERDT_L2_VIIRS_SNPP.A2024102.1724.002.2024103060134.nc,9406115
8141463062,/archive/allData/5200/AERDT_L2_VIIRS_SNPP/2024/099/AERDT_L2_VIIRS_SNPP.A2024099.1818.002.2024100073924.nc,12138014
8141562690,/archive/allData/5200/AERDT_L2_VIIRS_SNPP/2024/099/AERDT_L2_VIIRS_SNPP.A2024099.2000.002.2024100083928.nc,11120598
8143017903,/archive/allData/5200/AERDT_L2_VIIRS_SNPP/2024/100/AERDT_L2_VIIRS_SNPP.A2024100.1800.002.2024101074016.nc,11131542
8143053285,/archive/allData/5200/AERDT_L2_VIIRS_SNPP/2024/100/AERDT_L2_VIIRS_SNPP.A2024100.1942.002.2024101082013.nc,11046027
8144656012,/archive/allData/5200/AERDT_L2_VIIRS_SNPP/2024/101/AERDT_L2_VIIRS_SNPP.A2024101.1742.002.2024102072116.nc,9717177
8144929203,/archive/allData/5200/AERDT_L2_VIIRS_SNPP/2024/101/AERDT_L2_VIIRS_SNPP.A2024101.1924.002.2024102110115.nc,9935626
8139232189,/archive/allData/5200/AERDT_L2_VIIRS_SNPP/2024/098/AERDT_L2_VIIRS_SNPP.A2024098.1700.002.2024099053842.nc,8806689
8146689723,/archive/allData/5200/AERDT_L2_VIIRS_SNPP/2024/102/AERDT_L2_VIIRS_SNPP.A2024102.1900.002.2024103074146.nc,13233628
8146689716,/archive/allData/5200/AERDT_L2_VIIRS_SNPP/2024/102/AERDT_L2_VIIRS_SNPP.A2024102.1906.002.2024103074148.nc,9543734
8170531199,/archive/allData/5200/AERDT_L2_VIIRS_SNPP/2024/114/AERDT_L2_VIIRS_SNPP.A2024114.1700.002.2024115052454.nc,9794885
8159089273,/archive/allData/5200/AERDT_L2_VIIRS_SNPP/2024/108/AERDT_L2_VIIRS_SNPP.A2024108.1712.002.2024109054033.nc,8322162
8159282857,/archive/allData/5200/AERDT_L2_VIIRS_SNPP/2024/108/AERDT_L2_VIIRS_SNPP.A2024108.1848.002.2024109075049.nc,11851956
8159282859,/archive/allData/5200/AERDT_L2_VIIRS_SNPP/2024/108/AERDT_L2_VIIRS_SNPP.A2024108.1854.002.2024109075048.nc,7834548
8161330232,/archive/allData/5200/AERDT_L2_VIIRS_SNPP/2024/109/AERDT_L2_VIIRS_SNPP.A2024109.1654.002.2024110052117.nc,8112114
8161552502,/archive/allData/5200/AERDT_L2_VIIRS_SNPP/2024/109/AERDT_L2_VIIRS_SNPP.A2024109.1830.002.2024110073111.nc,11359758
8163437884,/archive/allData/5200/AERDT_L2_VIIRS_SNPP/2024/110/AERDT_L2_VIIRS_SNPP.A2024110.1954.002.2024111082157.nc,11204586
8166124441,/archive/allData/5200/AERDT_L2_VIIRS_SNPP/2024/112/AERDT_L2_VIIRS_SNPP.A2024112.1736.002.2024113060339.nc,9339147
8149195391,/archive/allData/5200/AERDT_L2_VIIRS_SNPP/2024/103/AERDT_L2_VIIRS_SNPP.A2024103.1706.002.2024104054239.nc,7722997
8149430873,/archive/allData/5200/AERDT_L2_VIIRS_SNPP/2024/103/AERDT_L2_VIIRS_SNPP.A2024103.1842.002.2024104074250.nc,14310860
8149430872,/archive/allData/5200/AERDT_L2_VIIRS_SNPP/2024/103/AERDT_L2_VIIRS_SNPP.A2024103.1848.002.2024104074251.nc,8947687
8151657525,/archive/allData/5200/AERDT_L2_VIIRS_SNPP/2024/104/AERDT_L2_VIIRS_SNPP.A2024104.1824.002.2024105073334.nc,15407960
8153501562,/archive/allData/5200/AERDT_L2_VIIRS_SNPP/2024/105/AERDT_L2_VIIRS_SNPP.A2024105.1806.002.2024106073415.nc,14287147
8153561675,/archive/allData/5200/AERDT_L2_VIIRS_SNPP/2024/105/AERDT_L2_VIIRS_SNPP.A2024105.1948.002.2024106082428.nc,13707940
8155442348,/archive/allData/5200/AERDT_L2_VIIRS_SNPP/2024/106/AERDT_L2_VIIRS_SNPP.A2024106.1748.002.2024107061741.nc,12361090
8155598376,/archive/allData/5200/AERDT_L2_VIIRS_SNPP/2024/106/AERDT_L2_VIIRS_SNPP.A2024106.1930.002.2024107075747.nc,10940285
8156960722,/archive/allData/5200/AERDT_L2_VIIRS_SNPP/2024/107/AERDT_L2_VIIRS_SNPP.A2024107.1730.002.2024108054955.nc,10402078
8163390393,/archive/allData/5200/AERDT_L2_VIIRS_SNPP/2024/110/AERDT_L2_VIIRS_SNPP.A2024110.1812.002.2024111073154.nc,11196297
8165092718,/archive/allData/5200/AERDT_L2_VIIRS_SNPP/2024/111/AERDT_L2_VIIRS_SNPP.A2024111.1754.002.2024112103320.nc,9734837
8165092711,/archive/allData/5200/AERDT_L2_VIIRS_SNPP/2024/111/AERDT_L2_VIIRS_SNPP.A2024111.1936.002.2024112103324.nc,11560788
8166196680,/archive/allData/5200/AERDT_L2_VIIRS_SNPP/2024/112/AERDT_L2_VIIRS_SNPP.A2024112.1918.002.2024113074340.nc,11628255
8167666299,/archive/allData/5200/AERDT_L2_VIIRS_SNPP/2024/113/AERDT_L2_VIIRS_SNPP.A2024113.1718.002.2024114054414.nc,10251649
8167751940,/archive/allData/5200/AERDT_L2_VIIRS_SNPP/2024/113/AERDT_L2_VIIRS_SNPP.A2024113.1854.002.2024114073416.nc,13423840
8167751934,/archive/allData/5200/AERDT_L2_VIIRS_SNPP/2024/113/AERDT_L2_VIIRS_SNPP.A2024113.1900.002.2024114073419.nc,10377412
8170658748,/archive/allData/5200/AERDT_L2_VIIRS_SNPP/2024/114/AERDT_L2_VIIRS_SNPP.A2024114.1836.002.2024115072500.nc,14162207
8170658747,/archive/allData/5200/AERDT_L2_VIIRS_SNPP/2024/114/AERDT_L2_VIIRS_SNPP.A2024114.1842.002.2024115072502.nc,10154421
8186373932,/archive/allData/5200/AERDT_L2_VIIRS_SNPP/2024/116/AERDT_L2_VIIRS_SNPP.A2024116.1800.002.2024121145001.nc,13358415
8184648654,/archive/allData/5200/AERDT_L2_VIIRS_SNPP/2024/116/AERDT_L2_VIIRS_SNPP.A2024116.1942.002.2024120221937.nc,10675120
8185688034,/archive/allData/5200/AERDT_L2_VIIRS_SNPP/2024/120/AERDT_L2_VIIRS_SNPP.A2024120.1824.002.2024121072954.nc,12460893
8184034958,/archive/allData/5200/AERDT_L2_VIIRS_SNPP/2024/117/AERDT_L2_VIIRS_SNPP.A2024117.1924.002.2024120151927.nc,8963040
8184015871,/archive/allData/5200/AERDT_L2_VIIRS_SNPP/2024/117/AERDT_L2_VIIRS_SNPP.A2024117.1742.002.2024120143935.nc,11839973
8184364130,/archive/allData/5200/AERDT_L2_VIIRS_SNPP/2024/118/AERDT_L2_VIIRS_SNPP.A2024118.1724.002.2024120192925.nc,9964051
8184411087,/archive/allData/5200/AERDT_L2_VIIRS_SNPP/2024/118/AERDT_L2_VIIRS_SNPP.A2024118.1900.002.2024120195939.nc,10716881
8184411268,/archive/allData/5200/AERDT_L2_VIIRS_SNPP/2024/118/AERDT_L2_VIIRS_SNPP.A2024118.1906.002.2024120195934.nc,9042637
8184949638,/archive/allData/5200/AERDT_L2_VIIRS_SNPP/2024/119/AERDT_L2_VIIRS_SNPP.A2024119.1706.002.2024121004952.nc,9316651
8184975588,/archive/allData/5200/AERDT_L2_VIIRS_SNPP/2024/119/AERDT_L2_VIIRS_SNPP.A2024119.1842.002.2024121005946.nc,11382109
8184975589,/archive/allData/5200/AERDT_L2_VIIRS_SNPP/2024/119/AERDT_L2_VIIRS_SNPP.A2024119.1848.002.2024121005951.nc,8638006
8188584428,/archive/allData/5200/AERDT_L2_VIIRS_SNPP/2024/121/AERDT_L2_VIIRS_SNPP.A2024121.1806.002.2024122074046.nc,10899211
8188638810,/archive/allData/5200/AERDT_L2_VIIRS_SNPP/2024/121/AERDT_L2_VIIRS_SNPP.A2024121.1948.002.2024122081034.nc,11896657
8191545730,/archive/allData/5200/AERDT_L2_VIIRS_SNPP/2024/122/AERDT_L2_VIIRS_SNPP.A2024122.1748.002.2024123062139.nc,9909123
8191672683,/archive/allData/5200/AERDT_L2_VIIRS_SNPP/2024/122/AERDT_L2_VIIRS_SNPP.A2024122.1930.002.2024123080138.nc,9570122
8194626523,/archive/allData/5200/AERDT_L2_VIIRS_SNPP/2024/123/AERDT_L2_VIIRS_SNPP.A2024123.1730.002.2024124055201.nc,9415686
8194835157,/archive/allData/5200/AERDT_L2_VIIRS_SNPP/2024/123/AERDT_L2_VIIRS_SNPP.A2024123.1906.002.2024124074217.nc,13522720
8194835151,/archive/allData/5200/AERDT_L2_VIIRS_SNPP/2024/123/AERDT_L2_VIIRS_SNPP.A2024123.1912.002.2024124074219.nc,8857666
8205537916,/archive/allData/5200/AERDT_L2_VIIRS_SNPP/2024/128/AERDT_L2_VIIRS_SNPP.A2024128.1736.002.2024129055618.nc,9969945
8197315582,/archive/allData/5200/AERDT_L2_VIIRS_SNPP/2024/124/AERDT_L2_VIIRS_SNPP.A2024124.1848.002.2024125073258.nc,12109829
8197315579,/archive/allData/5200/AERDT_L2_VIIRS_SNPP/2024/124/AERDT_L2_VIIRS_SNPP.A2024124.1854.002.2024125073259.nc,8549946
8199413676,/archive/allData/5200/AERDT_L2_VIIRS_SNPP/2024/125/AERDT_L2_VIIRS_SNPP.A2024125.1654.002.2024126052343.nc,8378391
8199653689,/archive/allData/5200/AERDT_L2_VIIRS_SNPP/2024/125/AERDT_L2_VIIRS_SNPP.A2024125.1830.002.2024126073357.nc,10787588
8197134878,/archive/allData/5200/AERDT_L2_VIIRS_SNPP/2024/124/AERDT_L2_VIIRS_SNPP.A2024124.1712.002.2024125053245.nc,8172244
8201760429,/archive/allData/5200/AERDT_L2_VIIRS_SNPP/2024/126/AERDT_L2_VIIRS_SNPP.A2024126.1812.002.2024127073438.nc,10740026
8201816041,/archive/allData/5200/AERDT_L2_VIIRS_SNPP/2024/126/AERDT_L2_VIIRS_SNPP.A2024126.1954.002.2024127081426.nc,9897917
8203624056,/archive/allData/5200/AERDT_L2_VIIRS_SNPP/2024/127/AERDT_L2_VIIRS_SNPP.A2024127.1754.002.2024128063535.nc,10249813
8203786336,/archive/allData/5200/AERDT_L2_VIIRS_SNPP/2024/127/AERDT_L2_VIIRS_SNPP.A2024127.1936.002.2024128080535.nc,10575105
8205707298,/archive/allData/5200/AERDT_L2_VIIRS_SNPP/2024/128/AERDT_L2_VIIRS_SNPP.A2024128.1918.002.2024129074621.nc,9366144
8207526905,/archive/allData/5200/AERDT_L2_VIIRS_SNPP/2024/129/AERDT_L2_VIIRS_SNPP.A2024129.1718.002.2024130054251.nc,10063208
8207632802,/archive/allData/5200/AERDT_L2_VIIRS_SNPP/2024/129/AERDT_L2_VIIRS_SNPP.A2024129.1854.002.2024130073306.nc,13896832
8209847143,/archive/allData/5200/AERDT_L2_VIIRS_SNPP/2024/130/AERDT_L2_VIIRS_SNPP.A2024130.1836.002.2024131074353.nc,11818079
8207632533,/archive/allData/5200/AERDT_L2_VIIRS_SNPP/2024/129/AERDT_L2_VIIRS_SNPP.A2024129.1900.002.2024130073306.nc,10954741
8219775498,/archive/allData/5200/AERDT_L2_VIIRS_SNPP/2024/134/AERDT_L2_VIIRS_SNPP.A2024134.1724.002.2024135055652.nc,10575092
8213485142,/archive/allData/5200/AERDT_L2_VIIRS_SNPP/2024/131/AERDT_L2_VIIRS_SNPP.A2024131.1818.002.2024132102625.nc,10808618
8213485154,/archive/allData/5200/AERDT_L2_VIIRS_SNPP/2024/131/AERDT_L2_VIIRS_SNPP.A2024131.2000.002.2024132102601.nc,13098904
8209690700,/archive/allData/5200/AERDT_L2_VIIRS_SNPP/2024/130/AERDT_L2_VIIRS_SNPP.A2024130.1700.002.2024131052352.nc,9181261
8215834187,/archive/allData/5200/AERDT_L2_VIIRS_SNPP/2024/132/AERDT_L2_VIIRS_SNPP.A2024132.1800.002.2024133073541.nc,11108168
8215865325,/archive/allData/5200/AERDT_L2_VIIRS_SNPP/2024/132/AERDT_L2_VIIRS_SNPP.A2024132.1942.002.2024133080532.nc,13384660
8217737252,/archive/allData/5200/AERDT_L2_VIIRS_SNPP/2024/133/AERDT_L2_VIIRS_SNPP.A2024133.1742.002.2024134103653.nc,10771005
8217737254,/archive/allData/5200/AERDT_L2_VIIRS_SNPP/2024/133/AERDT_L2_VIIRS_SNPP.A2024133.1924.002.2024134103658.nc,11727529
8219955142,/archive/allData/5200/AERDT_L2_VIIRS_SNPP/2024/134/AERDT_L2_VIIRS_SNPP.A2024134.1900.002.2024135074715.nc,11804683
8219955146,/archive/allData/5200/AERDT_L2_VIIRS_SNPP/2024/134/AERDT_L2_VIIRS_SNPP.A2024134.1906.002.2024135074720.nc,11194753
8232612442,/archive/allData/5200/AERDT_L2_VIIRS_SNPP/2024/139/AERDT_L2_VIIRS_SNPP.A2024139.1912.002.2024140103205.nc,10420143
8224289148,/archive/allData/5200/AERDT_L2_VIIRS_SNPP/2024/136/AERDT_L2_VIIRS_SNPP.A2024136.1824.002.2024137073916.nc,10873296
8226769769,/archive/allData/5200/AERDT_L2_VIIRS_SNPP/2024/137/AERDT_L2_VIIRS_SNPP.A2024137.1806.002.2024138073936.nc,10191048
8232612396,/archive/allData/5200/AERDT_L2_VIIRS_SNPP/2024/139/AERDT_L2_VIIRS_SNPP.A2024139.1730.002.2024140103206.nc,9429785
8232612439,/archive/allData/5200/AERDT_L2_VIIRS_SNPP/2024/139/AERDT_L2_VIIRS_SNPP.A2024139.1906.002.2024140103156.nc,13641505
8221693965,/archive/allData/5200/AERDT_L2_VIIRS_SNPP/2024/135/AERDT_L2_VIIRS_SNPP.A2024135.1706.002.2024136052745.nc,9900436
8221876706,/archive/allData/5200/AERDT_L2_VIIRS_SNPP/2024/135/AERDT_L2_VIIRS_SNPP.A2024135.1842.002.2024136073757.nc,11423229
8221892931,/archive/allData/5200/AERDT_L2_VIIRS_SNPP/2024/135/AERDT_L2_VIIRS_SNPP.A2024135.1848.002.2024136074815.nc,9598229
8226825829,/archive/allData/5200/AERDT_L2_VIIRS_SNPP/2024/137/AERDT_L2_VIIRS_SNPP.A2024137.1948.002.2024138081916.nc,10612925
8234111618,/archive/allData/5200/AERDT_L2_VIIRS_SNPP/2024/138/AERDT_L2_VIIRS_SNPP.A2024138.1748.002.2024139063050.nc,9578709
8234114185,/archive/allData/5200/AERDT_L2_VIIRS_SNPP/2024/138/AERDT_L2_VIIRS_SNPP.A2024138.1930.002.2024139080037.nc,10837058
8233934275,/archive/allData/5200/AERDT_L2_VIIRS_SNPP/2024/140/AERDT_L2_VIIRS_SNPP.A2024140.1712.002.2024141104311.nc,9201645
8233934273,/archive/allData/5200/AERDT_L2_VIIRS_SNPP/2024/140/AERDT_L2_VIIRS_SNPP.A2024140.1848.002.2024141104312.nc,12791357
8233934277,/archive/allData/5200/AERDT_L2_VIIRS_SNPP/2024/140/AERDT_L2_VIIRS_SNPP.A2024140.1854.002.2024141104311.nc,9091407
8236257149,/archive/allData/5200/AERDT_L2_VIIRS_SNPP/2024/141/AERDT_L2_VIIRS_SNPP.A2024141.1830.002.2024142074332.nc,11601944
8240669592,/archive/allData/5200/AERDT_L2_VIIRS_SNPP/2024/143/AERDT_L2_VIIRS_SNPP.A2024143.0948.002.2024144010443.nc,7941995
8238845107,/archive/allData/5200/AERDT_L2_VIIRS_SNPP/2024/142/AERDT_L2_VIIRS_SNPP.A2024142.1812.002.2024143074341.nc,11807711
8238914619,/archive/allData/5200/AERDT_L2_VIIRS_SNPP/2024/142/AERDT_L2_VIIRS_SNPP.A2024142.1954.002.2024143083420.nc,10436292
8241164152,/archive/allData/5200/AERDT_L2_VIIRS_SNPP/2024/143/AERDT_L2_VIIRS_SNPP.A2024143.1754.002.2024144062448.nc,11484745
8241256375,/archive/allData/5200/AERDT_L2_VIIRS_SNPP/2024/143/AERDT_L2_VIIRS_SNPP.A2024143.1936.002.2024144081509.nc,10023534
8261361703,/archive/allData/5200/AERDT_L2_VIIRS_SNPP/2024/150/AERDT_L2_VIIRS_SNPP.A2024150.1724.002.2024151055102.nc,11552256
8244068174,/archive/allData/5200/AERDT_L2_VIIRS_SNPP/2024/144/AERDT_L2_VIIRS_SNPP.A2024144.1736.002.2024145061536.nc,10457809
8244190094,/archive/allData/5200/AERDT_L2_VIIRS_SNPP/2024/144/AERDT_L2_VIIRS_SNPP.A2024144.1912.002.2024145074554.nc,14170090
8244201344,/archive/allData/5200/AERDT_L2_VIIRS_SNPP/2024/144/AERDT_L2_VIIRS_SNPP.A2024144.1918.002.2024145075608.nc,10435320
8247796462,/archive/allData/5200/AERDT_L2_VIIRS_SNPP/2024/145/AERDT_L2_VIIRS_SNPP.A2024145.1718.002.2024146123716.nc,9538314
8252610988,/archive/allData/5200/AERDT_L2_VIIRS_SNPP/2024/147/AERDT_L2_VIIRS_SNPP.A2024147.1818.002.2024148072827.nc,11862792
8252695685,/archive/allData/5200/AERDT_L2_VIIRS_SNPP/2024/147/AERDT_L2_VIIRS_SNPP.A2024147.2000.002.2024148082820.nc,12108653
8255304571,/archive/allData/5200/AERDT_L2_VIIRS_SNPP/2024/148/AERDT_L2_VIIRS_SNPP.A2024148.1800.002.2024149071913.nc,9516062
8255419311,/archive/allData/5200/AERDT_L2_VIIRS_SNPP/2024/148/AERDT_L2_VIIRS_SNPP.A2024148.1942.002.2024149080920.nc,11635168
8258324616,/archive/allData/5200/AERDT_L2_VIIRS_SNPP/2024/149/AERDT_L2_VIIRS_SNPP.A2024149.1742.002.2024150061952.nc,10111214
8258491272,/archive/allData/5200/AERDT_L2_VIIRS_SNPP/2024/149/AERDT_L2_VIIRS_SNPP.A2024149.1924.002.2024150074949.nc,12249929
8247796474,/archive/allData/5200/AERDT_L2_VIIRS_SNPP/2024/145/AERDT_L2_VIIRS_SNPP.A2024145.1854.002.2024146123723.nc,13786219
8247796463,/archive/allData/5200/AERDT_L2_VIIRS_SNPP/2024/145/AERDT_L2_VIIRS_SNPP.A2024145.1900.002.2024146123725.nc,9984405
8250359589,/archive/allData/5200/AERDT_L2_VIIRS_SNPP/2024/146/AERDT_L2_VIIRS_SNPP.A2024146.1700.002.2024147103833.nc,9314030
8250359367,/archive/allData/5200/AERDT_L2_VIIRS_SNPP/2024/146/AERDT_L2_VIIRS_SNPP.A2024146.1836.002.2024147103842.nc,13300104
8257077964,/archive/allData/5200/AERDT_L2_VIIRS_SNPP/2024/149/AERDT_L2_VIIRS_SNPP.A2024149.0754.002.2024149201928.nc,7962747
8261518021,/archive/allData/5200/AERDT_L2_VIIRS_SNPP/2024/150/AERDT_L2_VIIRS_SNPP.A2024150.1900.002.2024151073124.nc,14056989
8261518019,/archive/allData/5200/AERDT_L2_VIIRS_SNPP/2024/150/AERDT_L2_VIIRS_SNPP.A2024150.1906.002.2024151073108.nc,12146041
8278410012,/archive/allData/5200/AERDT_L2_VIIRS_SNPP/2024/158/AERDT_L2_VIIRS_SNPP.A2024158.1812.002.2024159074159.nc,11370047
8275848014,/archive/allData/5200/AERDT_L2_VIIRS_SNPP/2024/156/AERDT_L2_VIIRS_SNPP.A2024156.1712.002.2024157054218.nc,9093692
8277438911,/archive/allData/5200/AERDT_L2_VIIRS_SNPP/2024/157/AERDT_L2_VIIRS_SNPP.A2024157.1830.002.2024158073702.nc,11987732
8276004807,/archive/allData/5200/AERDT_L2_VIIRS_SNPP/2024/156/AERDT_L2_VIIRS_SNPP.A2024156.1848.002.2024157074253.nc,12056924
8276004962,/archive/allData/5200/AERDT_L2_VIIRS_SNPP/2024/156/AERDT_L2_VIIRS_SNPP.A2024156.1854.002.2024157074256.nc,8739785
8278430632,/archive/allData/5200/AERDT_L2_VIIRS_SNPP/2024/158/AERDT_L2_VIIRS_SNPP.A2024158.1954.002.2024159083144.nc,13458863
8279262906,/archive/allData/5200/AERDT_L2_VIIRS_SNPP/2024/159/AERDT_L2_VIIRS_SNPP.A2024159.1754.002.2024160111408.nc,11367890
8278931921,/archive/allData/5200/AERDT_L2_VIIRS_SNPP/2024/159/AERDT_L2_VIIRS_SNPP.A2024159.0948.002.2024159222220.nc,7829878
8279267169,/archive/allData/5200/AERDT_L2_VIIRS_SNPP/2024/159/AERDT_L2_VIIRS_SNPP.A2024159.1936.002.2024160111946.nc,11698804
8279976072,/archive/allData/5200/AERDT_L2_VIIRS_SNPP/2024/160/AERDT_L2_VIIRS_SNPP.A2024160.1736.002.2024161102423.nc,9835213
8279976108,/archive/allData/5200/AERDT_L2_VIIRS_SNPP/2024/160/AERDT_L2_VIIRS_SNPP.A2024160.1912.002.2024161102447.nc,13880093
8279976116,/archive/allData/5200/AERDT_L2_VIIRS_SNPP/2024/160/AERDT_L2_VIIRS_SNPP.A2024160.1918.002.2024161102451.nc,10869071
8280318275,/archive/allData/5200/AERDT_L2_VIIRS_SNPP/2024/161/AERDT_L2_VIIRS_SNPP.A2024161.1718.002.2024162055421.nc,9542310
8280335779,/archive/allData/5200/AERDT_L2_VIIRS_SNPP/2024/161/AERDT_L2_VIIRS_SNPP.A2024161.1854.002.2024162074447.nc,12996888
8280335772,/archive/allData/5200/AERDT_L2_VIIRS_SNPP/2024/161/AERDT_L2_VIIRS_SNPP.A2024161.1900.002.2024162074455.nc,11337719
8284882355,/archive/allData/5200/AERDT_L2_VIIRS_SNPP/2024/163/AERDT_L2_VIIRS_SNPP.A2024163.2000.002.2024164084809.nc,13015207
8282082030,/archive/allData/5200/AERDT_L2_VIIRS_SNPP/2024/162/AERDT_L2_VIIRS_SNPP.A2024162.1836.002.2024163073811.nc,12563485
8288471581,/archive/allData/5200/AERDT_L2_VIIRS_SNPP/2024/164/AERDT_L2_VIIRS_SNPP.A2024164.0954.002.2024164222707.nc,7726921
8288904866,/archive/allData/5200/AERDT_L2_VIIRS_SNPP/2024/165/AERDT_L2_VIIRS_SNPP.A2024165.0754.002.2024165202830.nc,8014786
8288489921,/archive/allData/5200/AERDT_L2_VIIRS_SNPP/2024/164/AERDT_L2_VIIRS_SNPP.A2024164.1800.002.2024165073726.nc,12759781
8288492815,/archive/allData/5200/AERDT_L2_VIIRS_SNPP/2024/164/AERDT_L2_VIIRS_SNPP.A2024164.1942.002.2024165081738.nc,12432402
8284736118,/archive/allData/5200/AERDT_L2_VIIRS_SNPP/2024/163/AERDT_L2_VIIRS_SNPP.A2024163.1818.002.2024164072838.nc,12880622
8290253210,/archive/allData/5200/AERDT_L2_VIIRS_SNPP/2024/165/AERDT_L2_VIIRS_SNPP.A2024165.1918.002.2024166074904.nc,13814214
8290273255,/archive/allData/5200/AERDT_L2_VIIRS_SNPP/2024/165/AERDT_L2_VIIRS_SNPP.A2024165.1924.002.2024166075904.nc,11586483
8295496505,/archive/allData/5200/AERDT_L2_VIIRS_SNPP/2024/167/AERDT_L2_VIIRS_SNPP.A2024167.1842.002.2024168074044.nc,14051012
8292526921,/archive/allData/5200/AERDT_L2_VIIRS_SNPP/2024/166/AERDT_L2_VIIRS_SNPP.A2024166.1724.002.2024167055950.nc,11139949
8292697467,/archive/allData/5200/AERDT_L2_VIIRS_SNPP/2024/166/AERDT_L2_VIIRS_SNPP.A2024166.1900.002.2024167074054.nc,13129445
8292697258,/archive/allData/5200/AERDT_L2_VIIRS_SNPP/2024/166/AERDT_L2_VIIRS_SNPP.A2024166.1906.002.2024167074011.nc,10787011
8290083174,/archive/allData/5200/AERDT_L2_VIIRS_SNPP/2024/165/AERDT_L2_VIIRS_SNPP.A2024165.1742.002.2024166061848.nc,11067601
8297441875,/archive/allData/5200/AERDT_L2_VIIRS_SNPP/2024/168/AERDT_L2_VIIRS_SNPP.A2024168.1824.002.2024169074130.nc,12826285
8299372424,/archive/allData/5200/AERDT_L2_VIIRS_SNPP/2024/169/AERDT_L2_VIIRS_SNPP.A2024169.1000.002.2024169223103.nc,7627804
8299781164,/archive/allData/5200/AERDT_L2_VIIRS_SNPP/2024/170/AERDT_L2_VIIRS_SNPP.A2024170.0618.002.2024170192212.nc,7660962
8301196921,/archive/allData/5200/AERDT_L2_VIIRS_SNPP/2024/171/AERDT_L2_VIIRS_SNPP.A2024171.1730.002.2024172060318.nc,10209768
8301281846,/archive/allData/5200/AERDT_L2_VIIRS_SNPP/2024/171/AERDT_L2_VIIRS_SNPP.A2024171.1906.002.2024172074330.nc,10191928
8299376748,/archive/allData/5200/AERDT_L2_VIIRS_SNPP/2024/169/AERDT_L2_VIIRS_SNPP.A2024169.1806.002.2024170074149.nc,11564832
8299377229,/archive/allData/5200/AERDT_L2_VIIRS_SNPP/2024/169/AERDT_L2_VIIRS_SNPP.A2024169.1948.002.2024170082137.nc,10914403
8299843060,/archive/allData/5200/AERDT_L2_VIIRS_SNPP/2024/170/AERDT_L2_VIIRS_SNPP.A2024170.0800.002.2024170203150.nc,7906218
8300309062,/archive/allData/5200/AERDT_L2_VIIRS_SNPP/2024/170/AERDT_L2_VIIRS_SNPP.A2024170.1748.002.2024171062250.nc,11293253
8300464231,/archive/allData/5200/AERDT_L2_VIIRS_SNPP/2024/170/AERDT_L2_VIIRS_SNPP.A2024170.1924.002.2024171080252.nc,11597881
8300464234,/archive/allData/5200/AERDT_L2_VIIRS_SNPP/2024/170/AERDT_L2_VIIRS_SNPP.A2024170.1930.002.2024171080251.nc,9921824
8305896611,/archive/allData/5200/AERDT_L2_VIIRS_SNPP/2024/174/AERDT_L2_VIIRS_SNPP.A2024174.1954.002.2024175082559.nc,12339858
8302498201,/archive/allData/5200/AERDT_L2_VIIRS_SNPP/2024/172/AERDT_L2_VIIRS_SNPP.A2024172.1712.002.2024173054415.nc,10051959
8302627943,/archive/allData/5200/AERDT_L2_VIIRS_SNPP/2024/172/AERDT_L2_VIIRS_SNPP.A2024172.1848.002.2024173072415.nc,10829961
8304378840,/archive/allData/5200/AERDT_L2_VIIRS_SNPP/2024/173/AERDT_L2_VIIRS_SNPP.A2024173.1830.002.2024174072504.nc,11639907
8306737283,/archive/allData/5200/AERDT_L2_VIIRS_SNPP/2024/175/AERDT_L2_VIIRS_SNPP.A2024175.0806.002.2024175203603.nc,7767535
8306885190,/archive/allData/5200/AERDT_L2_VIIRS_SNPP/2024/175/AERDT_L2_VIIRS_SNPP.A2024175.0948.002.2024175222604.nc,8015979
8305814572,/archive/allData/5200/AERDT_L2_VIIRS_SNPP/2024/174/AERDT_L2_VIIRS_SNPP.A2024174.1812.002.2024175073557.nc,11634524
8309594896,/archive/allData/5200/AERDT_L2_VIIRS_SNPP/2024/176/AERDT_L2_VIIRS_SNPP.A2024176.1918.002.2024177074433.nc,11518543
8301281750,/archive/allData/5200/AERDT_L2_VIIRS_SNPP/2024/171/AERDT_L2_VIIRS_SNPP.A2024171.1912.002.2024172074331.nc,10218044
8307339715,/archive/allData/5200/AERDT_L2_VIIRS_SNPP/2024/175/AERDT_L2_VIIRS_SNPP.A2024175.1754.002.2024176062639.nc,10782173
8307469158,/archive/allData/5200/AERDT_L2_VIIRS_SNPP/2024/175/AERDT_L2_VIIRS_SNPP.A2024175.1936.002.2024176080641.nc,13040174
8311658586,/archive/allData/5200/AERDT_L2_VIIRS_SNPP/2024/177/AERDT_L2_VIIRS_SNPP.A2024177.1718.002.2024178055504.nc,9643959
8309447504,/archive/allData/5200/AERDT_L2_VIIRS_SNPP/2024/176/AERDT_L2_VIIRS_SNPP.A2024176.1730.002.2024177060408.nc,13303592
8309455442,/archive/allData/5200/AERDT_L2_VIIRS_SNPP/2024/176/AERDT_L2_VIIRS_SNPP.A2024176.1736.002.2024177061410.nc,10939632
8309575979,/archive/allData/5200/AERDT_L2_VIIRS_SNPP/2024/176/AERDT_L2_VIIRS_SNPP.A2024176.1912.002.2024177073439.nc,13447315
8311799332,/archive/allData/5200/AERDT_L2_VIIRS_SNPP/2024/177/AERDT_L2_VIIRS_SNPP.A2024177.1854.002.2024178073523.nc,12956729
8311799337,/archive/allData/5200/AERDT_L2_VIIRS_SNPP/2024/177/AERDT_L2_VIIRS_SNPP.A2024177.1900.002.2024178073525.nc,10409206
8317467146,/archive/allData/5200/AERDT_L2_VIIRS_SNPP/2024/180/AERDT_L2_VIIRS_SNPP.A2024180.0954.002.2024180222621.nc,7721749
8313977747,/archive/allData/5200/AERDT_L2_VIIRS_SNPP/2024/178/AERDT_L2_VIIRS_SNPP.A2024178.1836.002.2024179072554.nc,12052686
8316092510,/archive/allData/5200/AERDT_L2_VIIRS_SNPP/2024/179/AERDT_L2_VIIRS_SNPP.A2024179.1818.002.2024180073622.nc,10974308
8316162353,/archive/allData/5200/AERDT_L2_VIIRS_SNPP/2024/179/AERDT_L2_VIIRS_SNPP.A2024179.2000.002.2024180082622.nc,11042084
8318726608,/archive/allData/5200/AERDT_L2_VIIRS_SNPP/2024/180/AERDT_L2_VIIRS_SNPP.A2024180.1800.002.2024181110725.nc,10606815
8318726881,/archive/allData/5200/AERDT_L2_VIIRS_SNPP/2024/180/AERDT_L2_VIIRS_SNPP.A2024180.1942.002.2024181110736.nc,11063184
8322035326,/archive/allData/5200/AERDT_L2_VIIRS_SNPP/2024/182/AERDT_L2_VIIRS_SNPP.A2024182.1900.002.2024183073838.nc,12020593
8322035334,/archive/allData/5200/AERDT_L2_VIIRS_SNPP/2024/182/AERDT_L2_VIIRS_SNPP.A2024182.1906.002.2024183073838.nc,14080809
8320365376,/archive/allData/5200/AERDT_L2_VIIRS_SNPP/2024/181/AERDT_L2_VIIRS_SNPP.A2024181.1742.002.2024182060728.nc,9483272
8320486966,/archive/allData/5200/AERDT_L2_VIIRS_SNPP/2024/181/AERDT_L2_VIIRS_SNPP.A2024181.1918.002.2024182073750.nc,12157047
8320499549,/archive/allData/5200/AERDT_L2_VIIRS_SNPP/2024/181/AERDT_L2_VIIRS_SNPP.A2024181.1924.002.2024182074735.nc,12490922
8323125558,/archive/allData/5200/AERDT_L2_VIIRS_SNPP/2024/183/AERDT_L2_VIIRS_SNPP.A2024183.1706.002.2024184053158.nc,11896865
8321920696,/archive/allData/5200/AERDT_L2_VIIRS_SNPP/2024/182/AERDT_L2_VIIRS_SNPP.A2024182.1724.002.2024183054817.nc,10823128
8325291033,/archive/allData/5200/AERDT_L2_VIIRS_SNPP/2024/184/AERDT_L2_VIIRS_SNPP.A2024184.1824.002.2024185073245.nc,12127209
8323213302,/archive/allData/5200/AERDT_L2_VIIRS_SNPP/2024/183/AERDT_L2_VIIRS_SNPP.A2024183.1842.002.2024184073205.nc,13341167
8340413612,/archive/allData/5200/AERDT_L2_VIIRS_SNPP/2024/191/AERDT_L2_VIIRS_SNPP.A2024191.0948.002.2024191224758.nc,8005375
8328693139,/archive/allData/5200/AERDT_L2_VIIRS_SNPP/2024/185/AERDT_L2_VIIRS_SNPP.A2024185.1806.002.2024186073311.nc,11172641
8328753440,/archive/allData/5200/AERDT_L2_VIIRS_SNPP/2024/185/AERDT_L2_VIIRS_SNPP.A2024185.1948.002.2024186081312.nc,12194788
8330234242,/archive/allData/5200/AERDT_L2_VIIRS_SNPP/2024/186/AERDT_L2_VIIRS_SNPP.A2024186.0800.002.2024186202331.nc,7893832
8331326898,/archive/allData/5200/AERDT_L2_VIIRS_SNPP/2024/186/AERDT_L2_VIIRS_SNPP.A2024186.1748.002.2024187061409.nc,9969258
8331414100,/archive/allData/5200/AERDT_L2_VIIRS_SNPP/2024/186/AERDT_L2_VIIRS_SNPP.A2024186.1930.002.2024187075354.nc,12465461
8333841892,/archive/allData/5200/AERDT_L2_VIIRS_SNPP/2024/187/AERDT_L2_VIIRS_SNPP.A2024187.1730.002.2024188055436.nc,10710469
8333954200,/archive/allData/5200/AERDT_L2_VIIRS_SNPP/2024/187/AERDT_L2_VIIRS_SNPP.A2024187.1906.002.2024188073449.nc,12453163
8333954208,/archive/allData/5200/AERDT_L2_VIIRS_SNPP/2024/187/AERDT_L2_VIIRS_SNPP.A2024187.1912.002.2024188073449.nc,12353791
8335855457,/archive/allData/5200/AERDT_L2_VIIRS_SNPP/2024/188/AERDT_L2_VIIRS_SNPP.A2024188.1848.002.2024189114606.nc,13189833
8343382573,/archive/allData/5200/AERDT_L2_VIIRS_SNPP/2024/190/AERDT_L2_VIIRS_SNPP.A2024190.1812.002.2024193160441.nc,11305328
8343383087,/archive/allData/5200/AERDT_L2_VIIRS_SNPP/2024/190/AERDT_L2_VIIRS_SNPP.A2024190.1954.002.2024193160508.nc,14352497
8335854938,/archive/allData/5200/AERDT_L2_VIIRS_SNPP/2024/188/AERDT_L2_VIIRS_SNPP.A2024188.1712.002.2024189114552.nc,10924454
8336876387,/archive/allData/5200/AERDT_L2_VIIRS_SNPP/2024/189/AERDT_L2_VIIRS_SNPP.A2024189.1830.002.2024190073626.nc,11814046
8356936567,/archive/allData/5200/AERDT_L2_VIIRS_SNPP/2024/200/AERDT_L2_VIIRS_SNPP.A2024200.1824.002.2024201073731.nc,11530633
8340976297,/archive/allData/5200/AERDT_L2_VIIRS_SNPP/2024/191/AERDT_L2_VIIRS_SNPP.A2024191.1754.002.2024192061724.nc,9917681
8353113462,/archive/allData/5200/AERDT_L2_VIIRS_SNPP/2024/198/AERDT_L2_VIIRS_SNPP.A2024198.1900.002.2024199073530.nc,13168252
8353130415,/archive/allData/5200/AERDT_L2_VIIRS_SNPP/2024/198/AERDT_L2_VIIRS_SNPP.A2024198.1906.002.2024199074515.nc,13518345
8341092799,/archive/allData/5200/AERDT_L2_VIIRS_SNPP/2024/191/AERDT_L2_VIIRS_SNPP.A2024191.1936.002.2024192075725.nc,14523314
8354962067,/archive/allData/5200/AERDT_L2_VIIRS_SNPP/2024/199/AERDT_L2_VIIRS_SNPP.A2024199.1706.002.2024200054628.nc,10686717
8355118036,/archive/allData/5200/AERDT_L2_VIIRS_SNPP/2024/199/AERDT_L2_VIIRS_SNPP.A2024199.1842.002.2024200074648.nc,11794352
8359864362,/archive/allData/5200/AERDT_L2_VIIRS_SNPP/2024/203/AERDT_L2_VIIRS_SNPP.A2024203.1730.002.2024204062018.nc,11679317
8358742428,/archive/allData/5200/AERDT_L2_VIIRS_SNPP/2024/201/AERDT_L2_VIIRS_SNPP.A2024201.1806.002.2024202112913.nc,11882270
8358742437,/archive/allData/5200/AERDT_L2_VIIRS_SNPP/2024/201/AERDT_L2_VIIRS_SNPP.A2024201.1948.002.2024202112903.nc,14370089
8359435641,/archive/allData/5200/AERDT_L2_VIIRS_SNPP/2024/202/AERDT_L2_VIIRS_SNPP.A2024202.1748.002.2024203063927.nc,12055961
8359516091,/archive/allData/5200/AERDT_L2_VIIRS_SNPP/2024/202/AERDT_L2_VIIRS_SNPP.A2024202.1930.002.2024203080941.nc,14971520
8359918213,/archive/allData/5200/AERDT_L2_VIIRS_SNPP/2024/203/AERDT_L2_VIIRS_SNPP.A2024203.1906.002.2024204074952.nc,10968614
8359923491,/archive/allData/5200/AERDT_L2_VIIRS_SNPP/2024/203/AERDT_L2_VIIRS_SNPP.A2024203.1912.002.2024204075037.nc,14512329
8369894904,/archive/allData/5200/AERDT_L2_VIIRS_SNPP/2024/215/AERDT_L2_VIIRS_SNPP.A2024215.1706.002.2024216105800.nc,10983691
8361521531,/archive/allData/5200/AERDT_L2_VIIRS_SNPP/2024/205/AERDT_L2_VIIRS_SNPP.A2024205.1830.002.2024206073835.nc,11767754
8365169876,/archive/allData/5200/AERDT_L2_VIIRS_SNPP/2024/211/AERDT_L2_VIIRS_SNPP.A2024211.1818.002.2024212073127.nc,12320826
8365245434,/archive/allData/5200/AERDT_L2_VIIRS_SNPP/2024/211/AERDT_L2_VIIRS_SNPP.A2024211.2000.002.2024212083124.nc,13815965
8367074536,/archive/allData/5200/AERDT_L2_VIIRS_SNPP/2024/213/AERDT_L2_VIIRS_SNPP.A2024213.1742.002.2024214062258.nc,12442479
8367244355,/archive/allData/5200/AERDT_L2_VIIRS_SNPP/2024/213/AERDT_L2_VIIRS_SNPP.A2024213.1924.002.2024214081318.nc,14149050
8360525806,/archive/allData/5200/AERDT_L2_VIIRS_SNPP/2024/204/AERDT_L2_VIIRS_SNPP.A2024204.1712.002.2024205060053.nc,11595826
8360640398,/archive/allData/5200/AERDT_L2_VIIRS_SNPP/2024/204/AERDT_L2_VIIRS_SNPP.A2024204.1848.002.2024205075056.nc,11254778
8360640406,/archive/allData/5200/AERDT_L2_VIIRS_SNPP/2024/204/AERDT_L2_VIIRS_SNPP.A2024204.1854.002.2024205075118.nc,13660798
8365714024,/archive/allData/5200/AERDT_L2_VIIRS_SNPP/2024/212/AERDT_L2_VIIRS_SNPP.A2024212.1800.002.2024213072248.nc,12129572
8365765504,/archive/allData/5200/AERDT_L2_VIIRS_SNPP/2024/212/AERDT_L2_VIIRS_SNPP.A2024212.1942.002.2024213081147.nc,13268457
8368407206,/archive/allData/5200/AERDT_L2_VIIRS_SNPP/2024/214/AERDT_L2_VIIRS_SNPP.A2024214.1724.002.2024215054653.nc,11471530
8369894972,/archive/allData/5200/AERDT_L2_VIIRS_SNPP/2024/215/AERDT_L2_VIIRS_SNPP.A2024215.1842.002.2024216105817.nc,14159004
8369894973,/archive/allData/5200/AERDT_L2_VIIRS_SNPP/2024/215/AERDT_L2_VIIRS_SNPP.A2024215.1848.002.2024216105819.nc,12543563
8370568109,/archive/allData/5200/AERDT_L2_VIIRS_SNPP/2024/216/AERDT_L2_VIIRS_SNPP.A2024216.1824.002.2024217073848.nc,13780849
8368520473,/archive/allData/5200/AERDT_L2_VIIRS_SNPP/2024/214/AERDT_L2_VIIRS_SNPP.A2024214.1900.002.2024215073719.nc,14463318
8368520515,/archive/allData/5200/AERDT_L2_VIIRS_SNPP/2024/214/AERDT_L2_VIIRS_SNPP.A2024214.1906.002.2024215073730.nc,13512237
8371230828,/archive/allData/5200/AERDT_L2_VIIRS_SNPP/2024/217/AERDT_L2_VIIRS_SNPP.A2024217.1806.002.2024218073911.nc,11741487
8371288565,/archive/allData/5200/AERDT_L2_VIIRS_SNPP/2024/217/AERDT_L2_VIIRS_SNPP.A2024217.1948.002.2024218081904.nc,12774742
8373237165,/archive/allData/5200/AERDT_L2_VIIRS_SNPP/2024/218/AERDT_L2_VIIRS_SNPP.A2024218.1748.002.2024219062937.nc,11293722
8373463224,/archive/allData/5200/AERDT_L2_VIIRS_SNPP/2024/218/AERDT_L2_VIIRS_SNPP.A2024218.1930.002.2024219080942.nc,11890486
8379274421,/archive/allData/5200/AERDT_L2_VIIRS_SNPP/2024/221/AERDT_L2_VIIRS_SNPP.A2024221.1830.002.2024222073215.nc,11904561
8375393789,/archive/allData/5200/AERDT_L2_VIIRS_SNPP/2024/219/AERDT_L2_VIIRS_SNPP.A2024219.1730.002.2024220060013.nc,10257342
8375527274,/archive/allData/5200/AERDT_L2_VIIRS_SNPP/2024/219/AERDT_L2_VIIRS_SNPP.A2024219.1906.002.2024220073044.nc,12927244
8375554948,/archive/allData/5200/AERDT_L2_VIIRS_SNPP/2024/219/AERDT_L2_VIIRS_SNPP.A2024219.1912.002.2024220074004.nc,12212823
8380651509,/archive/allData/5200/AERDT_L2_VIIRS_SNPP/2024/222/AERDT_L2_VIIRS_SNPP.A2024222.1812.002.2024223074242.nc,11245662
8380721413,/archive/allData/5200/AERDT_L2_VIIRS_SNPP/2024/222/AERDT_L2_VIIRS_SNPP.A2024222.1954.002.2024223082253.nc,11923819
8381671143,/archive/allData/5200/AERDT_L2_VIIRS_SNPP/2024/223/AERDT_L2_VIIRS_SNPP.A2024223.1754.002.2024224062309.nc,12045953
8381828123,/archive/allData/5200/AERDT_L2_VIIRS_SNPP/2024/223/AERDT_L2_VIIRS_SNPP.A2024223.1936.002.2024224080319.nc,13134553
8382382075,/archive/allData/5200/AERDT_L2_VIIRS_SNPP/2024/224/AERDT_L2_VIIRS_SNPP.A2024224.1736.002.2024225060402.nc,12596556
8382446907,/archive/allData/5200/AERDT_L2_VIIRS_SNPP/2024/224/AERDT_L2_VIIRS_SNPP.A2024224.1918.002.2024225074408.nc,14857801
8376940841,/archive/allData/5200/AERDT_L2_VIIRS_SNPP/2024/220/AERDT_L2_VIIRS_SNPP.A2024220.1712.002.2024221054104.nc,11116944
8377029078,/archive/allData/5200/AERDT_L2_VIIRS_SNPP/2024/220/AERDT_L2_VIIRS_SNPP.A2024220.1848.002.2024221074124.nc,13307168
8377029081,/archive/allData/5200/AERDT_L2_VIIRS_SNPP/2024/220/AERDT_L2_VIIRS_SNPP.A2024220.1854.002.2024221074125.nc,11870496
8386429495,/archive/allData/5200/AERDT_L2_VIIRS_SNPP/2024/226/AERDT_L2_VIIRS_SNPP.A2024226.1700.002.2024227053620.nc,13889788
8384246038,/archive/allData/5200/AERDT_L2_VIIRS_SNPP/2024/225/AERDT_L2_VIIRS_SNPP.A2024225.1854.002.2024226073441.nc,13074164
8384246028,/archive/allData/5200/AERDT_L2_VIIRS_SNPP/2024/225/AERDT_L2_VIIRS_SNPP.A2024225.1900.002.2024226073500.nc,15736568
8384074089,/archive/allData/5200/AERDT_L2_VIIRS_SNPP/2024/225/AERDT_L2_VIIRS_SNPP.A2024225.1718.002.2024226054442.nc,13593380
8386685287,/archive/allData/5200/AERDT_L2_VIIRS_SNPP/2024/226/AERDT_L2_VIIRS_SNPP.A2024226.1836.002.2024227074628.nc,13450760
8389638321,/archive/allData/5200/AERDT_L2_VIIRS_SNPP/2024/227/AERDT_L2_VIIRS_SNPP.A2024227.1818.002.2024228073849.nc,13296125
8389799569,/archive/allData/5200/AERDT_L2_VIIRS_SNPP/2024/227/AERDT_L2_VIIRS_SNPP.A2024227.2000.002.2024228082838.nc,12749102
